{
  "project_info": {
    "project_number": "77292352378",
    "project_id": "car2022-a2785",
    "storage_bucket": "car2022-a2785.appspot.com"
  },
  "client": [
    {
      "client_info": {
        "mobilesdk_app_id": "1:77292352378:android:ce66d5e3d34a96ea9bdcc3",
        "android_client_info": {
          "package_name": "com.example.car"
        }
      },
      "oauth_client": [
        {
          "client_id": "77292352378-2ol4q152prbf1jhsee5g6q3vhqt5q9jc.apps.googleusercontent.com",
          "client_type": 3
        }
      ],
      "api_key": [
        {
          "current_key": "AIzaSyD8TO-ediNljlcz4EcausPyFj-7riumED0"
        }
      ],
      "services": {
        "appinvite_service": {
          "other_platform_oauth_client": [
            {
              "client_id": "77292352378-2ol4q152prbf1jhsee5g6q3vhqt5q9jc.apps.googleusercontent.com",
              "client_type": 3
            }
          ]
        }
      }
    }
  ],
  "configuration_version": "1"
}